<?xml version = "1.0"?>
<Rev9>
    <Settings>
        <IP ProbeID="0" DataPort="12511" NotificationPort="12513" TFTPServerPort="2100"
           MemScopeDataPort="12514">
            192.168.10.9
        </IP>
        <SamplingFrequency MaxValue="10000" Enabled="TRUE" DivideByChannelCount="FALSE"/>
        <AWG File="awg_table"/>
        <Hardware>
            <Connections>
                <PinConnectionType Type="1" Name="Internal" Color="Black"
                   LineStyle="3"/>
                <PinConnectionType Type="2" Name="External" Color="Black"
                   LineStyle="1"/>
            </Connections>
            <Items>
                <ScanAreaWindow DefaultToLineByLineDataSafe="TRUE"/>
            </Items>
        </Hardware>
        <Procedure>
            <Types>
                <Type Name="AFM Procedure"/>
                <Type Name="Approach"/>
                <Type Name="Bias Control"/>
                <Type Name="General"/>
                <Type Name="Global Procedure"/>
                <Type Name="Image + Spectroscopy"/>
                <Type Name="MPI Bias"/>
                <Type Name="MPI Z"/>
                <Type Name="Mini Scan"/>
                <Type Name="Miscellaneous"/>
                <Type Name="Mode"/>
                <Type Name="Move Tip"/>
                <Type Name="NCAFM"/>
                <Type Name="Post-Initialize"/>
                <Type Name="Pre-Shutdown"/>
                <Type Name="Scan"/>
                <Type Name="Spec Along a Line"/>
                <Type Name="Spectroscopy"/>
                <Type Name="Tip Manipulations"/>
            </Types>
            <Connections>
                <PinConnectionType Type="3" Name="Valid" Color="Black"
                   LineStyle="3"/>
                <PinConnectionType Type="4" Name="Invalid" Color="Red"
                   LineStyle="1"/>
            </Connections>
        </Procedure>
    </Settings>
</Rev9>
