<?xml version = "1.0"?>
<ConfigurationVector Version="2.12" BuildVersion="5.0.3.4" guid="{5BCBF668-3FDC-4E9A-A3DF-8E8B710F76CD}">
    <Application IHLFile="C:\RHK Technology\Rev9\IHL Files\Berg&apos;s IHL Workspaces\UHV350 STM and STS.ihl">
        <MainWindow Left="-8" Top="-8" Width="1936" Height="1056" ShowCmd="2">
            <DockManager>
<XtraSerializer version="1.0" application="DockManager">
  <property name="#LayoutVersion" />
  <property name="TopZIndexControls" iskey="true" value="5">
    <property name="Item1">DevExpress.XtraBars.BarDockControl</property>
    <property name="Item2">DevExpress.XtraBars.StandaloneBarDockControl</property>
    <property name="Item3">System.Windows.Forms.StatusBar</property>
    <property name="Item4">DevExpress.XtraBars.Ribbon.RibbonStatusBar</property>
    <property name="Item5">DevExpress.XtraBars.Ribbon.RibbonControl</property>
  </property>
  <property name="AutoHideContainers" iskey="true" value="0" />
  <property name="DockingOptions" isnull="true" iskey="true">
    <property name="ShowAutoHideButton">true</property>
    <property name="ShowMaximizeButton">true</property>
    <property name="FloatOnDblClick">true</property>
    <property name="ShowCloseButton">true</property>
    <property name="ShowCaptionImage">false</property>
    <property name="HideImmediatelyOnAutoHide">false</property>
    <property name="CursorFloatCanceled" isnull="true" />
    <property name="ShowCaptionOnMouseHover">false</property>
    <property name="CloseActiveTabOnly">true</property>
  </property>
  <property name="ActivePanelID">0</property>
  <property name="Panels" iskey="true" value="6">
    <property name="Item1" isnull="true" iskey="true">
      <property name="FloatSize">@4,Width=1903@3,Height=197</property>
      <property name="FloatVertical">true</property>
      <property name="DockVertical">Default</property>
      <property name="TabText" />
      <property name="XtraParentID">-1</property>
      <property name="Options" isnull="true" iskey="true">
        <property name="ShowMaximizeButton">true</property>
        <property name="AllowDockFill">true</property>
        <property name="ShowAutoHideButton">true</property>
        <property name="FloatOnDblClick">true</property>
        <property name="ShowCloseButton">true</property>
        <property name="AllowDockLeft">true</property>
        <property name="AllowFloating">true</property>
        <property name="AllowDockRight">true</property>
        <property name="AllowDockBottom">true</property>
        <property name="AllowDockTop">true</property>
      </property>
      <property name="Text">m_DockpanelContainerBottom</property>
      <property name="TabsPosition">Bottom</property>
      <property name="TabsScroll">false</property>
      <property name="ImageIndex">-1</property>
      <property name="Tabbed">true</property>
      <property name="FloatLocation">@1,X=5@3,Y=810</property>
      <property name="Dock">Float</property>
      <property name="Visibility">Visible</property>
      <property name="XtraID">0</property>
      <property name="Count">3</property>
      <property name="ID">2b51a6a9-d9eb-453a-9bf1-bda905b27f70</property>
      <property name="XtraActiveChildID">1</property>
      <property name="Hint" />
      <property name="XtraZIndex">0</property>
      <property name="XtraBounds">@1,X=0@1,Y=0@4,Width=1903@3,Height=197</property>
      <property name="SavedIndex">0</property>
      <property name="XtraSavedParentID">-1</property>
      <property name="SavedTabbed">false</property>
      <property name="SavedDock">Bottom</property>
      <property name="XtraAutoHideContainerDock">Float</property>
    </property>
    <property name="Item2" isnull="true" iskey="true">
      <property name="FloatSize">@4,Width=1903@3,Height=197</property>
      <property name="FloatVertical">false</property>
      <property name="DockVertical">Default</property>
      <property name="TabText" />
      <property name="XtraParentID">0</property>
      <property name="Options" isnull="true" iskey="true">
        <property name="ShowMaximizeButton">true</property>
        <property name="AllowDockFill">true</property>
        <property name="ShowAutoHideButton">true</property>
        <property name="FloatOnDblClick">true</property>
        <property name="ShowCloseButton">true</property>
        <property name="AllowDockLeft">true</property>
        <property name="AllowFloating">true</property>
        <property name="AllowDockRight">true</property>
        <property name="AllowDockBottom">true</property>
        <property name="AllowDockTop">true</property>
      </property>
      <property name="Text">Log</property>
      <property name="TabsPosition">Bottom</property>
      <property name="TabsScroll">false</property>
      <property name="ImageIndex">-1</property>
      <property name="Tabbed">false</property>
      <property name="FloatLocation">@1,X=0@1,Y=0</property>
      <property name="Dock">Fill</property>
      <property name="Visibility">Visible</property>
      <property name="XtraID">1</property>
      <property name="Count">0</property>
      <property name="ID">3829315f-ce61-4a0b-8ed4-f37873ac1769</property>
      <property name="XtraActiveChildID">-1</property>
      <property name="Hint" />
      <property name="XtraZIndex">0</property>
      <property name="XtraBounds">@1,X=2@2,Y=28@4,Width=1899@3,Height=146</property>
      <property name="SavedIndex">-1</property>
      <property name="XtraSavedParentID">-1</property>
      <property name="SavedTabbed">false</property>
      <property name="SavedDock">Float</property>
      <property name="XtraAutoHideContainerDock">Float</property>
    </property>
    <property name="Item3" isnull="true" iskey="true">
      <property name="FloatSize">@3,Width=200@3,Height=200</property>
      <property name="FloatVertical">false</property>
      <property name="DockVertical">Default</property>
      <property name="TabText" />
      <property name="XtraParentID">-1</property>
      <property name="Options" isnull="true" iskey="true">
        <property name="ShowMaximizeButton">true</property>
        <property name="AllowDockFill">true</property>
        <property name="ShowAutoHideButton">true</property>
        <property name="FloatOnDblClick">true</property>
        <property name="ShowCloseButton">true</property>
        <property name="AllowDockLeft">true</property>
        <property name="AllowFloating">true</property>
        <property name="AllowDockRight">true</property>
        <property name="AllowDockBottom">true</property>
        <property name="AllowDockTop">true</property>
      </property>
      <property name="Text">CV Parameters</property>
      <property name="TabsPosition">Bottom</property>
      <property name="TabsScroll">false</property>
      <property name="ImageIndex">-1</property>
      <property name="Tabbed">false</property>
      <property name="FloatLocation">@1,X=0@1,Y=0</property>
      <property name="Dock">Fill</property>
      <property name="Visibility">Hidden</property>
      <property name="XtraID">2</property>
      <property name="Count">0</property>
      <property name="ID">ca1eaffd-e62c-4db5-9729-1fd7b196fbdc</property>
      <property name="XtraActiveChildID">-1</property>
      <property name="Hint" />
      <property name="XtraZIndex">-1</property>
      <property name="XtraBounds">@1,X=3@2,Y=29@4,Width=1274@3,Height=147</property>
      <property name="SavedIndex">0</property>
      <property name="XtraSavedParentID">0</property>
      <property name="SavedTabbed">true</property>
      <property name="SavedDock">Bottom</property>
      <property name="XtraAutoHideContainerDock">Float</property>
    </property>
    <property name="Item4" isnull="true" iskey="true">
      <property name="FloatSize">@4,Width=1903@3,Height=197</property>
      <property name="FloatVertical">true</property>
      <property name="DockVertical">Default</property>
      <property name="TabText" />
      <property name="XtraParentID">0</property>
      <property name="Options" isnull="true" iskey="true">
        <property name="ShowMaximizeButton">true</property>
        <property name="AllowDockFill">true</property>
        <property name="ShowAutoHideButton">true</property>
        <property name="FloatOnDblClick">true</property>
        <property name="ShowCloseButton">true</property>
        <property name="AllowDockLeft">true</property>
        <property name="AllowFloating">true</property>
        <property name="AllowDockRight">true</property>
        <property name="AllowDockBottom">true</property>
        <property name="AllowDockTop">true</property>
      </property>
      <property name="Text">Output</property>
      <property name="TabsPosition">Bottom</property>
      <property name="TabsScroll">false</property>
      <property name="ImageIndex">-1</property>
      <property name="Tabbed">false</property>
      <property name="FloatLocation">@1,X=0@1,Y=0</property>
      <property name="Dock">Fill</property>
      <property name="Visibility">Visible</property>
      <property name="XtraID">3</property>
      <property name="Count">0</property>
      <property name="ID">34dfbfef-54e0-4b2b-9cc5-6c016e72e978</property>
      <property name="XtraActiveChildID">-1</property>
      <property name="Hint" />
      <property name="XtraZIndex">1</property>
      <property name="XtraBounds">@1,X=2@2,Y=28@4,Width=1899@3,Height=146</property>
      <property name="SavedIndex">-1</property>
      <property name="XtraSavedParentID">-1</property>
      <property name="SavedTabbed">false</property>
      <property name="SavedDock">Float</property>
      <property name="XtraAutoHideContainerDock">Float</property>
    </property>
    <property name="Item5" isnull="true" iskey="true">
      <property name="FloatSize">@4,Width=1903@3,Height=197</property>
      <property name="FloatVertical">false</property>
      <property name="DockVertical">Default</property>
      <property name="TabText" />
      <property name="XtraParentID">0</property>
      <property name="Options" isnull="true" iskey="true">
        <property name="ShowMaximizeButton">true</property>
        <property name="AllowDockFill">true</property>
        <property name="ShowAutoHideButton">true</property>
        <property name="FloatOnDblClick">true</property>
        <property name="ShowCloseButton">true</property>
        <property name="AllowDockLeft">true</property>
        <property name="AllowFloating">true</property>
        <property name="AllowDockRight">true</property>
        <property name="AllowDockBottom">true</property>
        <property name="AllowDockTop">true</property>
      </property>
      <property name="Text">Recent Files</property>
      <property name="TabsPosition">Bottom</property>
      <property name="TabsScroll">false</property>
      <property name="ImageIndex">-1</property>
      <property name="Tabbed">false</property>
      <property name="FloatLocation">@1,X=0@1,Y=0</property>
      <property name="Dock">Fill</property>
      <property name="Visibility">Visible</property>
      <property name="XtraID">4</property>
      <property name="Count">0</property>
      <property name="ID">f177a61b-3874-4f42-9472-de84dfd251a3</property>
      <property name="XtraActiveChildID">-1</property>
      <property name="Hint" />
      <property name="XtraZIndex">2</property>
      <property name="XtraBounds">@1,X=2@2,Y=28@4,Width=1899@3,Height=146</property>
      <property name="SavedIndex">-1</property>
      <property name="XtraSavedParentID">-1</property>
      <property name="SavedTabbed">false</property>
      <property name="SavedDock">Float</property>
      <property name="XtraAutoHideContainerDock">Float</property>
    </property>
    <property name="Item6" isnull="true" iskey="true">
      <property name="FloatSize">@3,Width=200@3,Height=200</property>
      <property name="FloatVertical">false</property>
      <property name="DockVertical">Default</property>
      <property name="TabText" />
      <property name="XtraParentID">-1</property>
      <property name="Options" isnull="true" iskey="true">
        <property name="ShowMaximizeButton">true</property>
        <property name="AllowDockFill">true</property>
        <property name="ShowAutoHideButton">false</property>
        <property name="FloatOnDblClick">true</property>
        <property name="ShowCloseButton">true</property>
        <property name="AllowDockLeft">true</property>
        <property name="AllowFloating">true</property>
        <property name="AllowDockRight">true</property>
        <property name="AllowDockBottom">true</property>
        <property name="AllowDockTop">true</property>
      </property>
      <property name="Text">Explorer</property>
      <property name="TabsPosition">Bottom</property>
      <property name="TabsScroll">false</property>
      <property name="ImageIndex">-1</property>
      <property name="Tabbed">false</property>
      <property name="FloatLocation">@1,X=0@1,Y=0</property>
      <property name="Dock">Left</property>
      <property name="Visibility">Hidden</property>
      <property name="XtraID">5</property>
      <property name="Count">0</property>
      <property name="ID">447637ff-53c5-4858-9216-ddc31b8a1909</property>
      <property name="XtraActiveChildID">-1</property>
      <property name="Hint" />
      <property name="XtraZIndex">-1</property>
      <property name="XtraBounds">@1,X=0@3,Y=148@3,Width=154@3,Height=251</property>
      <property name="SavedIndex">1</property>
      <property name="XtraSavedParentID">-1</property>
      <property name="SavedTabbed">false</property>
      <property name="SavedDock">Left</property>
      <property name="XtraAutoHideContainerDock">Float</property>
    </property>
  </property>
</XtraSerializer>            </DockManager>
            <StatusBar Visible="TRUE">
            </StatusBar>
            <RibbonControl MenuSel="0" Minimize="FALSE" ToolBarLocation="0">
            </RibbonControl>
        </MainWindow>
    </Application>
    <REV9DAW ShowDaw="FALSE">
    </REV9DAW>
</ConfigurationVector>
